architecture,model_type,variation_name,layers,hidden_state,implementation,bleu_4,meteor,total_time_sec,avg_time_sec,unique_captions,top_caption_frequency
preinject_v2,LSTM,Shallow_Large,1,512,scratch,0.09904662643962414,0.3088741232330897,66.2161083999963,0.662161083999963,39,0.08
preinject_v2,LSTM,Shallow_Large,1,512,keras,0.09904662643962414,0.3088741232330897,439.78520499999286,4.397852049999929,39,0.08
preinject_v2,SimpleRNN,Shallow_Large,1,512,scratch,0.13253861447321677,0.33050456264969114,57.62457680000807,0.5762457680000808,88,0.06
preinject_v2,SimpleRNN,Shallow_Large,1,512,keras,0.13253861447321677,0.33050456264969114,275.2400162999984,2.752400162999984,88,0.06
